timestamp,gps_time,lat,ns,lon,ew,co2_ppm,tempC,humidity
2015-04-21 17:05:54,,,,,,660.00,21.56,44.41
2015-04-21 17:05:59,,,,,,675.00,21.58,44.34
2015-04-21 17:06:04,,,,,,700.00,21.64,43.72
2015-04-21 17:06:09,,,,,,701.00,21.73,43.12
2015-04-21 17:06:14,,,,,,698.00,21.78,42.87
2015-04-21 17:06:19,,,,,,699.00,21.88,42.62
2015-04-21 17:06:24,,,,,,700.00,21.94,42.40
2015-04-21 17:06:29,,,,,,697.00,22.03,42.23
2015-04-21 17:06:34,,,,,,697.00,22.11,42.78
2015-04-21 17:06:39,,,,,,700.00,22.14,43.21
2015-04-21 17:06:44,,,,,,704.00,22.22,42.82
2015-04-21 17:08:03,,,,,,991.00,22.11,42.96
2015-04-21 17:08:08,,,,,,1045.00,22.12,42.96
2015-04-21 17:08:13,,,,,,1023.00,22.19,42.83
2015-04-21 17:08:18,,,,,,997.00,22.25,42.46
2015-04-21 17:08:24,,,,,,986.00,22.31,42.15
2015-04-21 17:08:29,,,,,,962.00,22.39,41.84
2015-04-21 17:08:34,,,,,,936.00,22.45,41.64
2015-04-21 17:08:39,,,,,,858.00,22.51,41.55
2015-04-21 17:08:44,,,,,,798.00,22.58,41.41
2015-04-21 17:08:49,,,,,,777.00,22.60,41.34
2015-04-21 17:08:54,,,,,,753.00,22.66,41.26
2015-04-21 17:08:59,,,,,,742.00,22.70,41.08
2015-04-21 17:09:04,,,,,,732.00,22.73,41.09
2015-04-21 17:09:09,,,,,,714.00,22.80,40.97
2015-04-21 17:09:14,,,,,,667.00,22.83,40.85
2015-04-21 17:09:19,,,,,,647.00,22.87,40.71
2015-04-21 17:09:24,,,,,,643.00,22.90,40.63
2015-04-21 17:09:29,,,,,,634.00,22.91,40.55
2015-04-21 17:09:34,,,,,,626.00,22.96,40.35
2015-04-21 17:09:39,,,,,,627.00,22.97,40.34
2015-04-21 17:09:44,,,,,,621.00,23.03,40.30
2015-04-21 17:09:49,,,,,,664.00,23.03,40.26
2015-04-21 17:09:54,,,,,,1042.00,23.13,53.02
2015-04-21 17:09:59,,,,,,3976.00,23.17,59.27
2015-04-21 17:10:04,,,,,,6995.00,23.17,56.67
2015-04-21 17:10:09,,,,,,6768.00,23.24,52.07
2015-04-21 17:10:14,,,,,,6208.00,23.27,49.38
2015-04-21 17:10:19,,,,,,5645.00,23.30,47.45
2015-04-21 17:10:24,,,,,,4893.00,23.34,45.59
2015-04-21 17:10:29,,,,,,4472.00,23.36,44.89
2015-04-21 17:10:34,,,,,,3759.00,23.38,44.10
2015-04-21 17:10:39,,,,,,3292.00,23.42,43.76
2015-04-21 17:10:44,,,,,,3045.00,23.44,43.53
2026-05-08 12:17:43,,,,,,647.00,24.23,39.09
2026-05-08 12:17:48,,,,,,649.00,24.25,39.04
2026-05-08 12:17:53,,,,,,639.00,24.27,39.00
2026-05-08 12:17:58,,,,,,633.00,24.27,38.97
2026-05-08 12:18:03,,,,,,625.00,24.29,38.89
2026-05-08 20:14:54,,,,,,688.00,20.23,40.50
2026-05-09 14:59:47,,,,,,248.00,21.36,47.47
2026-05-09 14:59:52,,,,,,341.00,21.39,47.97
2026-05-09 15:00:00,113044.000,,,,,448.00,21.44,48.79
2026-05-09 15:00:05,113049.000,,,,,485.00,21.47,48.71
2026-05-09 15:00:10,113054.000,,,,,543.00,21.52,48.54
2026-05-09 15:00:15,113059.000,,,,,551.00,21.56,48.25
2026-05-09 15:00:20,113104.000,,,,,551.00,21.57,47.72
2026-05-09 15:00:25,113109.000,,,,,549.00,21.61,47.40
2026-05-09 15:00:30,113114.000,,,,,542.00,21.64,47.21
2026-05-09 15:00:35,113119.000,,,,,537.00,21.65,47.42
2026-05-09 15:00:40,113124.000,,,,,533.00,21.70,47.40
2026-05-09 15:00:45,113129.000,,,,,529.00,21.64,47.31
2026-05-09 15:00:50,113134.000,,,,,522.00,21.68,47.45
2026-05-09 15:00:55,113139.000,,,,,514.00,21.70,47.55
2026-05-09 15:01:00,113144.000,,,,,460.00,21.67,47.38
2026-05-09 15:01:05,113149.000,,,,,445.00,21.67,47.40
2026-05-09 15:01:10,113154.000,,,,,451.00,21.70,47.42
2026-05-09 15:01:15,113159.000,,,,,444.00,21.70,47.40
2026-05-09 15:01:20,113204.000,5221.77636,N,00455.22925,E,440.00,21.67,47.36
2026-05-09 15:01:25,113209.000,5221.77531,N,00455.22811,E,434.00,21.67,47.30
2026-05-09 15:01:30,113214.000,5221.77584,N,00455.22848,E,429.00,21.68,47.24
2026-05-09 15:01:35,113219.000,5221.77454,N,00455.22961,E,423.00,21.64,47.03
2026-05-09 15:01:40,113224.000,5221.77349,N,00455.22966,E,421.00,21.64,46.97
2026-05-09 15:01:45,113229.000,5221.77308,N,00455.22950,E,419.00,21.61,46.97
2026-05-09 15:01:50,113234.000,5221.77339,N,00455.22918,E,413.00,21.61,46.98
2026-05-09 15:01:55,113239.000,5221.77331,N,00455.22901,E,409.00,21.58,47.01
2026-05-09 15:02:00,113244.000,5221.77285,N,00455.22881,E,406.00,21.60,47.17
2026-05-09 15:02:05,113249.000,5221.77251,N,00455.22878,E,405.00,21.57,47.28
2026-05-09 15:02:10,113254.000,5221.77258,N,00455.22867,E,403.00,21.57,47.32
2026-05-09 15:02:15,113259.000,5221.77239,N,00455.22823,E,401.00,21.56,47.51
2026-05-09 15:02:20,113304.000,5221.77244,N,00455.22794,E,398.00,21.56,47.48
2026-05-09 15:02:25,113309.000,5221.77225,N,00455.22752,E,392.00,21.53,47.51
2026-05-09 15:02:30,113314.000,5221.77226,N,00455.22740,E,388.00,21.50,47.40
2026-05-09 15:02:35,113319.000,5221.77214,N,00455.22713,E,384.00,21.46,47.14
2026-05-09 15:02:40,113324.000,5221.77197,N,00455.22709,E,385.00,21.44,47.15
2026-05-09 15:02:45,113329.000,5221.77167,N,00455.22704,E,384.00,21.40,46.74
2026-05-09 15:02:50,113334.000,5221.77148,N,00455.22722,E,383.00,21.39,46.50
2026-05-09 15:02:55,113339.000,5221.77125,N,00455.22735,E,381.00,21.36,46.58
2026-05-09 15:03:00,113344.000,5221.77148,N,00455.22757,E,380.00,21.33,46.66
2026-05-09 15:03:05,113349.000,5221.77127,N,00455.22761,E,380.00,21.22,46.45
2026-05-09 15:03:10,113354.000,5221.77091,N,00455.22773,E,379.00,21.23,46.29
2026-05-09 15:03:15,113359.000,5221.77057,N,00455.22768,E,376.00,21.23,46.41
2026-05-09 15:03:20,113404.000,5221.77036,N,00455.22745,E,375.00,21.24,46.54
2026-05-09 15:03:25,113409.000,5221.77031,N,00455.22731,E,375.00,21.20,46.68
2026-05-09 15:03:30,113414.000,5221.77030,N,00455.22714,E,375.00,21.20,46.63
2026-05-09 15:03:35,113419.000,5221.77017,N,00455.22720,E,375.00,21.14,46.54
2026-05-09 15:03:40,113424.000,5221.77008,N,00455.22739,E,374.00,21.10,46.34
2026-05-09 15:03:45,113429.000,5221.76996,N,00455.22738,E,372.00,21.09,46.39
2026-05-09 15:03:50,113434.000,5221.76995,N,00455.22744,E,371.00,21.02,46.45
2026-05-09 15:03:55,113439.000,5221.77007,N,00455.22759,E,370.00,21.03,46.54
2026-05-09 15:04:00,113444.000,5221.77023,N,00455.22780,E,370.00,21.02,46.68
2026-05-09 15:04:05,113449.000,5221.77034,N,00455.22793,E,369.00,20.99,46.81
2026-05-09 15:04:11,113454.000,5221.77034,N,00455.22799,E,368.00,20.98,46.88
2026-05-09 15:04:16,113459.000,5221.77033,N,00455.22802,E,366.00,20.95,46.99
2026-05-09 15:04:21,113504.000,5221.77027,N,00455.22803,E,366.00,20.83,47.00
2026-05-09 15:04:26,113509.000,5221.77026,N,00455.22806,E,365.00,20.83,47.20
2026-05-09 15:04:31,113514.000,5221.77035,N,00455.22833,E,364.00,20.86,47.38
2026-05-09 15:04:36,113519.000,5221.77032,N,00455.22840,E,363.00,20.83,47.58
2026-05-09 15:04:41,113524.000,5221.77029,N,00455.22829,E,363.00,20.82,47.67
2026-05-09 15:04:46,113529.000,5221.77028,N,00455.22826,E,363.00,20.76,47.74
2026-05-09 15:04:51,113534.000,5221.77029,N,00455.22818,E,363.00,20.76,47.84
2026-05-09 15:04:56,113539.000,5221.77036,N,00455.22807,E,362.00,20.79,47.99
2026-05-09 15:05:01,113544.000,5221.77047,N,00455.22803,E,361.00,20.74,48.07
2026-05-09 15:05:06,113549.000,5221.77055,N,00455.22810,E,361.00,20.74,48.14
2026-05-09 15:05:11,113554.000,5221.77059,N,00455.22829,E,361.00,20.72,48.21
2026-05-09 15:05:16,113559.000,5221.77064,N,00455.22836,E,362.00,20.71,48.26
2026-05-09 15:05:21,113604.000,5221.77071,N,00455.22841,E,361.00,20.68,48.42
2026-05-09 15:05:26,113609.000,5221.77075,N,00455.22846,E,362.00,20.65,48.50
2026-05-09 15:05:31,113614.000,5221.77076,N,00455.22851,E,362.00,20.67,48.59
2026-05-09 15:05:36,113619.000,5221.77068,N,00455.22858,E,361.00,20.65,48.66
2026-05-09 15:05:41,113624.000,5221.77069,N,00455.22866,E,361.00,20.63,48.80
2026-05-09 15:05:46,113629.000,5221.77072,N,00455.22874,E,361.00,20.65,48.82
2026-05-09 15:05:51,113634.000,5221.77069,N,00455.22876,E,361.00,20.63,48.88
2026-05-09 15:05:56,113639.000,5221.77065,N,00455.22873,E,361.00,20.62,48.96
2026-05-09 15:06:01,113644.000,5221.77061,N,00455.22874,E,362.00,20.61,49.02
2026-05-09 15:06:06,113649.000,5221.77060,N,00455.22870,E,362.00,20.59,49.11
2026-05-09 15:06:11,113654.000,5221.77057,N,00455.22870,E,362.00,20.58,49.60
2026-05-09 15:06:16,113659.000,5221.77223,N,00455.23149,E,362.00,20.55,50.07
2026-05-09 15:06:21,113704.000,5221.77403,N,00455.23248,E,362.00,20.55,50.13
2026-05-09 15:06:26,113709.000,5221.77410,N,00455.23246,E,362.00,20.55,50.11
2026-05-09 15:06:31,113714.000,5221.77434,N,00455.23227,E,362.00,20.56,50.02
2026-05-09 15:06:36,113719.000,5221.77436,N,00455.23221,E,363.00,20.52,49.97
2026-05-09 15:06:41,113724.000,5221.77445,N,00455.23221,E,363.00,20.54,49.94
2026-05-09 15:06:46,113730.000,5221.77451,N,00455.23188,E,363.00,20.51,49.90
2026-05-09 15:06:51,113735.000,5221.77453,N,00455.23165,E,363.00,20.51,49.80
2026-05-09 15:06:56,113740.000,5221.77464,N,00455.23133,E,363.00,20.48,49.89
2026-05-09 15:07:01,113745.000,5221.77477,N,00455.23115,E,363.00,20.48,49.99
2026-05-09 15:07:06,113750.000,5221.77573,N,00455.23063,E,364.00,20.49,50.12
2026-05-09 15:07:11,113755.000,5221.77950,N,00455.22998,E,363.00,20.49,50.05
2026-05-09 15:07:16,113800.000,5221.78292,N,00455.22898,E,363.00,20.45,49.89
2026-05-09 15:07:21,113805.000,5221.78626,N,00455.22591,E,363.00,20.42,49.51
2026-05-09 15:07:26,113810.000,5221.78826,N,00455.22121,E,362.00,20.41,49.46
2026-05-09 15:07:31,113815.000,5221.78909,N,00455.21845,E,362.00,20.45,49.41
2026-05-09 15:07:36,113820.000,5221.79085,N,00455.21442,E,361.00,20.42,49.41
2026-05-09 15:07:41,113825.000,5221.79391,N,00455.20988,E,361.00,20.39,49.42
2026-05-09 15:07:46,113830.000,5221.79683,N,00455.20556,E,361.00,20.38,49.53
2026-05-09 15:07:51,113835.000,5221.79997,N,00455.20188,E,361.00,20.38,49.55
2026-05-09 15:07:56,113840.000,5221.80308,N,00455.19879,E,361.00,20.39,49.57
2026-05-09 15:08:01,113845.000,5221.80639,N,00455.19999,E,360.00,20.32,49.71
2026-05-09 15:08:06,113850.000,5221.80800,N,00455.19727,E,361.00,20.34,49.74
2026-05-09 15:08:11,113855.000,5221.80870,N,00455.19464,E,362.00,20.34,49.68
2026-05-09 15:08:16,113900.000,5221.81133,N,00455.19295,E,361.00,20.31,49.85
2026-05-09 15:08:21,113905.000,5221.81226,N,00455.18882,E,361.00,20.31,49.95
2026-05-09 15:08:26,113910.000,5221.81273,N,00455.18672,E,361.00,20.31,49.95
2026-05-09 15:08:31,113915.000,5221.81310,N,00455.18414,E,360.00,20.28,50.02
2026-05-09 15:08:36,113920.000,5221.81227,N,00455.18403,E,360.00,20.23,50.02
2026-05-09 15:08:41,113925.000,5221.81158,N,00455.18469,E,360.00,20.08,50.16
2026-05-09 15:08:46,113930.000,5221.81135,N,00455.18609,E,361.00,20.03,50.41
2026-05-09 15:08:51,113935.000,5221.81057,N,00455.18783,E,361.00,20.11,50.84
2026-05-09 15:08:56,113940.000,5221.80850,N,00455.19281,E,360.00,20.11,50.80
2026-05-09 15:09:01,113945.000,5221.80692,N,00455.19906,E,361.00,20.06,51.07
2026-05-09 15:09:06,113950.000,5221.80688,N,00455.20462,E,361.00,20.04,51.11
2026-05-09 15:09:11,113955.000,5221.80740,N,00455.21126,E,360.00,20.01,51.14
2026-05-09 15:09:16,114000.000,5221.80843,N,00455.21617,E,360.00,19.94,51.21
2026-05-09 15:09:21,114005.000,5221.80963,N,00455.21744,E,360.00,19.97,51.32
2026-05-09 15:09:26,114010.000,5221.81325,N,00455.21626,E,359.00,19.93,51.23
2026-05-09 15:09:31,114015.000,5221.81710,N,00455.21436,E,358.00,19.91,51.17
2026-05-09 15:09:36,114020.000,5221.82129,N,00455.21193,E,358.00,19.93,51.07
2026-05-09 15:09:41,114025.000,5221.82412,N,00455.20997,E,357.00,19.90,50.92
2026-05-09 15:09:46,114030.000,5221.82815,N,00455.20651,E,357.00,19.87,51.00
2026-05-09 15:09:51,114035.000,5221.83197,N,00455.20297,E,357.00,19.84,51.31
2026-05-09 15:09:56,114040.000,5221.83460,N,00455.19827,E,358.00,19.83,51.28
2026-05-09 15:10:01,114045.000,5221.83574,N,00455.19165,E,359.00,19.83,51.17
2026-05-09 15:10:06,114050.000,5221.83983,N,00455.18816,E,359.00,19.78,51.21
2026-05-09 15:10:11,114055.000,5221.84240,N,00455.18306,E,360.00,19.78,51.25
2026-05-09 15:10:16,114100.000,5221.84322,N,00455.17769,E,360.00,19.76,51.41
2026-05-09 15:10:21,114105.000,5221.84156,N,00455.17239,E,361.00,19.74,51.86
2026-05-09 15:10:26,114110.000,5221.83957,N,00455.16741,E,361.00,19.76,51.98
2026-05-09 15:10:31,114115.000,5221.83801,N,00455.16242,E,361.00,19.74,51.88
2026-05-09 15:10:36,114120.000,5221.83615,N,00455.15711,E,361.00,19.70,52.12
2026-05-09 15:10:41,114125.000,5221.83491,N,00455.15325,E,361.00,19.70,52.23
2026-05-09 15:10:46,114130.000,5221.83316,N,00455.14910,E,361.00,19.69,52.17
2026-05-09 15:10:51,114135.000,5221.83184,N,00455.14417,E,360.00,19.67,52.43
2026-05-09 15:10:56,114140.000,5221.83070,N,00455.13844,E,360.00,19.57,52.92
2026-05-09 15:11:01,114145.000,5221.83216,N,00455.13298,E,360.00,19.50,53.44
2026-05-09 15:11:06,114150.000,5221.83449,N,00455.12818,E,360.00,19.45,53.73
2026-05-09 15:11:11,114155.000,5221.83768,N,00455.12367,E,360.00,19.49,53.86
2026-05-09 15:11:16,114200.000,5221.84131,N,00455.11938,E,359.00,19.49,53.22
2026-05-09 15:11:21,114205.000,5221.84459,N,00455.11615,E,359.00,19.46,52.90
2026-05-09 15:11:26,114210.000,5221.84728,N,00455.11347,E,359.00,19.46,52.82
2026-05-09 15:11:31,114215.000,5221.84991,N,00455.11027,E,359.00,19.43,52.53
2026-05-09 15:11:36,114220.000,5221.85091,N,00455.10766,E,360.00,19.42,52.49
2026-05-09 15:11:41,114225.000,5221.85243,N,00455.10219,E,359.00,19.41,52.59
2026-05-09 15:11:46,114230.000,5221.85154,N,00455.10071,E,359.00,19.39,52.65
2026-05-09 15:11:51,114235.000,5221.85195,N,00455.09430,E,358.00,19.36,52.61
2026-05-09 15:11:57,114240.000,5221.85370,N,00455.08831,E,359.00,19.36,52.68
2026-05-09 15:12:02,114245.000,5221.85575,N,00455.08216,E,358.00,19.31,52.77
2026-05-09 15:12:07,114250.000,5221.85869,N,00455.07515,E,358.00,19.29,52.99
2026-05-09 15:12:12,114255.000,5221.86127,N,00455.06776,E,357.00,19.26,52.99
2026-05-09 15:12:17,114300.000,5221.86388,N,00455.06050,E,357.00,19.26,53.28
2026-05-09 15:12:22,114305.000,5221.86611,N,00455.05497,E,357.00,19.22,53.43
2026-05-09 15:12:27,114310.000,5221.86726,N,00455.04961,E,356.00,19.21,53.48
2026-05-09 15:12:32,114315.000,5221.86882,N,00455.04646,E,356.00,19.14,53.96
2026-05-09 15:12:37,114320.000,5221.87068,N,00455.04187,E,357.00,19.14,54.04
2026-05-09 15:12:42,114325.000,5221.87263,N,00455.03679,E,357.00,19.15,53.87
2026-05-09 15:12:47,114330.000,5221.87522,N,00455.03153,E,356.00,19.11,53.47
2026-05-09 15:12:52,114335.000,5221.87775,N,00455.02661,E,356.00,19.12,53.39
2026-05-09 15:12:57,114340.000,5221.88058,N,00455.02074,E,356.00,19.06,53.45
2026-05-09 15:13:02,114345.000,5221.88254,N,00455.01829,E,356.00,19.05,53.89
2026-05-09 15:13:07,114350.000,5221.88189,N,00455.01758,E,356.00,19.04,54.28
2026-05-09 15:13:12,114355.000,5221.88204,N,00455.01790,E,356.00,19.04,54.66
2026-05-09 15:13:17,114400.000,5221.88226,N,00455.01790,E,355.00,18.99,54.50
2026-05-09 15:13:22,114405.000,5221.88228,N,00455.01768,E,356.00,19.01,54.48
2026-05-09 15:13:27,114410.000,5221.88233,N,00455.01743,E,356.00,18.98,54.58
2026-05-09 15:13:32,114415.000,5221.88224,N,00455.01721,E,356.00,18.97,54.71
2026-05-09 15:13:37,114420.000,5221.88221,N,00455.01735,E,357.00,18.95,54.94
2026-05-09 15:13:42,114425.000,5221.88229,N,00455.01745,E,360.00,18.94,55.44
2026-05-09 15:13:47,114430.000,5221.88247,N,00455.01755,E,432.00,18.94,55.87
2026-05-09 15:13:52,114435.000,5221.88254,N,00455.01752,E,518.00,18.92,55.97
2026-05-09 15:13:57,114440.000,5221.88303,N,00455.01718,E,520.00,18.90,56.13
2026-05-09 15:14:02,114445.000,5221.88546,N,00455.01437,E,517.00,18.91,56.29
2026-05-09 15:14:07,114450.000,5221.88592,N,00455.00954,E,518.00,18.90,56.49
2026-05-09 15:14:12,114455.000,5221.88770,N,00455.00455,E,512.00,18.90,56.43
2026-05-09 15:14:17,114500.000,5221.89030,N,00454.99969,E,505.00,18.88,56.65
2026-05-09 15:14:22,114505.000,5221.89123,N,00454.99653,E,502.00,18.90,56.78
2026-05-09 15:14:27,114510.000,5221.89244,N,00454.99053,E,495.00,18.91,56.59
2026-05-09 15:14:32,114515.000,5221.89355,N,00454.98554,E,491.00,18.90,56.18
2026-05-09 15:14:37,114520.000,5221.89508,N,00454.98011,E,482.00,18.91,56.10
2026-05-09 15:14:42,114526.000,5221.89739,N,00454.97533,E,477.00,18.88,56.03
2026-05-09 15:14:47,114531.000,5221.89937,N,00454.96967,E,466.00,18.88,56.03
2026-05-09 15:14:52,114536.000,5221.90092,N,00454.96372,E,443.00,18.90,55.96
2026-05-09 15:14:57,114541.000,5221.90379,N,00454.95838,E,433.00,18.87,55.81
2026-05-09 15:15:02,114546.000,5221.90521,N,00454.95274,E,422.00,18.88,55.51
2026-05-09 15:15:07,114551.000,5221.90592,N,00454.95013,E,415.00,18.87,55.57
2026-05-09 15:15:12,114556.000,5221.90520,N,00454.94929,E,412.00,18.87,55.64
2026-05-09 15:15:17,114601.000,5221.90483,N,00454.94840,E,407.00,18.90,55.89
2026-05-09 15:15:22,114606.000,5221.90440,N,00454.94768,E,404.00,18.88,56.08
2026-05-09 15:15:27,114611.000,5221.90414,N,00454.94710,E,400.00,18.88,56.32
2026-05-09 15:15:32,114616.000,5221.90393,N,00454.94668,E,398.00,18.88,56.40
2026-05-09 15:15:37,114621.000,5221.90371,N,00454.94642,E,397.00,18.90,56.41
2026-05-09 15:15:42,114626.000,5221.90349,N,00454.94619,E,396.00,18.87,56.39
2026-05-09 15:15:47,114631.000,5221.90332,N,00454.94592,E,396.00,18.87,56.33
2026-05-09 15:15:52,114636.000,5221.90315,N,00454.94570,E,396.00,18.88,56.11
2026-05-09 15:15:57,114641.000,5221.90257,N,00454.94521,E,396.00,18.90,55.98
2026-05-09 15:16:02,114646.000,5221.90230,N,00454.94521,E,396.00,18.88,55.92
2026-05-09 15:16:07,114651.000,5221.90199,N,00454.94534,E,396.00,18.88,56.08
2026-05-09 15:16:12,114656.000,5221.90192,N,00454.94529,E,397.00,18.88,56.02
2026-05-09 15:16:17,114701.000,5221.90184,N,00454.94516,E,396.00,18.90,55.98
2026-05-09 15:16:22,114706.000,5221.90177,N,00454.94507,E,396.00,18.90,55.91
2026-05-09 15:16:27,114711.000,5221.90172,N,00454.94493,E,395.00,18.90,55.75
2026-05-09 15:16:32,114716.000,5221.90167,N,00454.94482,E,395.00,18.92,55.65
2026-05-09 15:16:37,114721.000,5221.90168,N,00454.94474,E,395.00,18.90,55.51
2026-05-09 15:16:42,114726.000,5221.90174,N,00454.94463,E,395.00,18.90,55.71
2026-05-09 15:16:47,114731.000,5221.90188,N,00454.94464,E,394.00,18.91,55.81
2026-05-09 15:16:52,114736.000,5221.90203,N,00454.94462,E,394.00,18.90,55.79
2026-05-09 15:16:57,114741.000,5221.90207,N,00454.94455,E,393.00,18.90,55.62
2026-05-09 15:17:02,114746.000,5221.90217,N,00454.94462,E,392.00,18.91,55.46
2026-05-09 15:17:07,114751.000,5221.90228,N,00454.94461,E,390.00,18.91,55.35
2026-05-09 15:17:12,114756.000,5221.90237,N,00454.94463,E,389.00,18.88,55.49
2026-05-09 15:17:17,114801.000,5221.90255,N,00454.94467,E,388.00,18.90,55.65
2026-05-09 15:17:22,114806.000,5221.90264,N,00454.94464,E,387.00,18.90,55.73
2026-05-09 15:17:27,114811.000,5221.90269,N,00454.94459,E,387.00,18.90,55.77
2026-05-09 15:17:32,114816.000,5221.90243,N,00454.94368,E,386.00,18.90,56.09
2026-05-09 15:17:37,114821.000,5221.90260,N,00454.94351,E,385.00,18.90,56.32
2026-05-09 15:17:42,114826.000,5221.90265,N,00454.94338,E,385.00,18.90,56.44
2026-05-09 15:17:47,114831.000,5221.90270,N,00454.94331,E,385.00,18.90,56.58
2026-05-09 15:17:52,114836.000,5221.90268,N,00454.94315,E,385.00,18.91,56.48
2026-05-09 15:17:57,114841.000,5221.90272,N,00454.94300,E,384.00,18.90,56.39
2026-05-09 15:18:02,114846.000,5221.90279,N,00454.94288,E,385.00,18.88,56.32
2026-05-09 15:18:07,114851.000,5221.90285,N,00454.94278,E,385.00,18.88,56.23
2026-05-09 15:18:12,114856.000,5221.90291,N,00454.94273,E,385.00,18.90,56.15
2026-05-09 15:18:17,114901.000,5221.90298,N,00454.94276,E,385.00,18.85,56.11
2026-05-09 15:18:22,114906.000,5221.90311,N,00454.94285,E,385.00,18.88,56.07
2026-05-09 15:18:27,114911.000,5221.90318,N,00454.94287,E,385.00,18.87,56.02
2026-05-09 15:18:32,114916.000,5221.90320,N,00454.94285,E,385.00,18.88,55.92
2026-05-09 15:18:37,114921.000,5221.90323,N,00454.94285,E,385.00,18.87,55.54
2026-05-09 15:18:42,114926.000,5221.90330,N,00454.94279,E,384.00,18.88,55.12
2026-05-09 15:18:47,114931.000,5221.90337,N,00454.94263,E,383.00,18.87,55.18
2026-05-09 15:18:52,114936.000,5221.90343,N,00454.94256,E,383.00,18.87,55.36
2026-05-09 15:18:57,114941.000,5221.90350,N,00454.94249,E,383.00,18.87,55.53
2026-05-09 15:19:02,114946.000,5221.90353,N,00454.94241,E,382.00,18.85,55.67
2026-05-09 15:19:07,114951.000,5221.90358,N,00454.94239,E,381.00,18.84,55.44
2026-05-09 15:19:12,114956.000,5221.90363,N,00454.94231,E,381.00,18.84,54.72
2026-05-09 15:19:17,115001.000,5221.90371,N,00454.94221,E,381.00,18.81,54.35
2026-05-09 15:19:22,115006.000,5221.90379,N,00454.94215,E,380.00,18.82,54.03
2026-05-09 15:19:27,115011.000,5221.90387,N,00454.94210,E,380.00,18.80,53.72
2026-05-09 15:19:32,115016.000,5221.90393,N,00454.94205,E,379.00,18.82,53.58
2026-05-09 15:19:38,115021.000,5221.90402,N,00454.94205,E,378.00,18.80,53.50
2026-05-09 15:19:43,115026.000,5221.90407,N,00454.94198,E,378.00,18.78,53.47
2026-05-09 15:19:48,115031.000,5221.90410,N,00454.94191,E,378.00,18.78,53.39
2026-05-09 15:19:53,115036.000,5221.90410,N,00454.94182,E,376.00,18.78,53.20
2026-05-09 15:19:58,115041.000,5221.90411,N,00454.94174,E,374.00,18.77,53.10
2026-05-09 15:20:03,115046.000,5221.90410,N,00454.94165,E,373.00,18.77,53.05
2026-05-09 15:20:08,115051.000,5221.90415,N,00454.94160,E,371.00,18.74,53.12
2026-05-09 15:20:13,115056.000,5221.90421,N,00454.94157,E,369.00,18.74,53.14
2026-05-09 15:20:18,115101.000,5221.90427,N,00454.94153,E,367.00,18.74,53.23
2026-05-09 15:20:23,115106.000,5221.90432,N,00454.94147,E,367.00,18.77,53.31
2026-05-09 15:20:28,115111.000,5221.90435,N,00454.94139,E,365.00,18.72,53.35
2026-05-09 15:20:33,115116.000,5221.90438,N,00454.94129,E,364.00,18.70,53.39
2026-05-09 15:20:38,115121.000,5221.90439,N,00454.94116,E,363.00,18.68,53.44
2026-05-09 15:20:43,115126.000,5221.90442,N,00454.94104,E,363.00,18.66,53.48
2026-05-09 15:20:48,115131.000,5221.90454,N,00454.94000,E,362.00,18.66,53.59
2026-05-09 15:20:53,115136.000,5221.90463,N,00454.93964,E,364.00,18.67,53.99
2026-05-09 15:20:58,115141.000,5221.90474,N,00454.93928,E,364.00,18.64,54.10
2026-05-09 15:21:03,115146.000,5221.90452,N,00454.93880,E,365.00,18.63,54.40
2026-05-09 15:21:08,115151.000,5221.90466,N,00454.93844,E,365.00,18.63,54.67
2026-05-09 15:21:13,115156.000,5221.90628,N,00454.93483,E,367.00,18.64,54.92
2026-05-09 15:21:18,115201.000,5221.91044,N,00454.93217,E,368.00,18.60,55.26
2026-05-09 15:21:23,115206.000,5221.91307,N,00454.92878,E,369.00,18.61,55.48
2026-05-09 15:21:28,115211.000,5221.91495,N,00454.92466,E,370.00,18.59,55.64
2026-05-09 15:21:33,115216.000,5221.91692,N,00454.91919,E,370.00,18.63,55.91
2026-05-09 15:21:38,115221.000,5221.91753,N,00454.91505,E,370.00,18.61,55.95
2026-05-09 15:21:43,115226.000,5221.91810,N,00454.91207,E,371.00,18.59,56.11
2026-05-09 15:21:48,115231.000,5221.92016,N,00454.90834,E,372.00,18.63,56.14
2026-05-09 15:21:53,115236.000,5221.92089,N,00454.90425,E,373.00,18.61,56.15
2026-05-09 15:21:58,115241.000,5221.92182,N,00454.90079,E,375.00,18.64,56.24
2026-05-09 15:22:03,115246.000,5221.92226,N,00454.89559,E,380.00,18.63,56.19
2026-05-09 15:22:08,115251.000,5221.92295,N,00454.89153,E,406.00,18.67,56.32
2026-05-09 15:22:13,115256.000,5221.92376,N,00454.88795,E,409.00,18.64,56.46
2026-05-09 15:22:18,115301.000,5221.92431,N,00454.88301,E,406.00,18.67,56.64
2026-05-09 15:22:23,115306.000,5221.92585,N,00454.87885,E,411.00,18.68,56.91
2026-05-09 15:22:28,115311.000,5221.92805,N,00454.87409,E,413.00,18.68,57.05
2026-05-09 15:22:33,115317.000,5221.93174,N,00454.86942,E,412.00,18.71,57.22
2026-05-09 15:22:38,115322.000,5221.93631,N,00454.86634,E,411.00,18.75,57.24
2026-05-09 15:22:43,115327.000,5221.93996,N,00454.86127,E,410.00,18.72,57.17
2026-05-09 15:22:48,115332.000,5221.94201,N,00454.85590,E,409.00,18.72,57.07
2026-05-09 15:22:53,115337.000,5221.94477,N,00454.85133,E,405.00,18.75,57.05
2026-05-09 15:22:58,115342.000,5221.94749,N,00454.84612,E,403.00,18.80,56.98
2026-05-09 15:23:03,115347.000,5221.94872,N,00454.83984,E,402.00,18.81,56.98
2026-05-09 15:23:08,115352.000,5221.95008,N,00454.83262,E,403.00,18.80,56.85
2026-05-09 15:23:13,115357.000,5221.95187,N,00454.82539,E,401.00,18.85,56.84
2026-05-09 15:23:18,115402.000,5221.95359,N,00454.81792,E,400.00,18.84,56.77
2026-05-09 15:23:23,115407.000,5221.95523,N,00454.81142,E,399.00,18.85,56.80
2026-05-09 15:23:28,115412.000,5221.95777,N,00454.80577,E,398.00,18.85,56.61
2026-05-09 15:23:33,115417.000,5221.96003,N,00454.80002,E,396.00,18.91,56.50
2026-05-09 15:23:38,115422.000,5221.96291,N,00454.79455,E,394.00,18.88,56.30
2026-05-09 15:23:43,115427.000,5221.96488,N,00454.78849,E,396.00,18.90,56.31
2026-05-09 15:23:48,115432.000,5221.96684,N,00454.78340,E,396.00,18.91,56.29
2026-05-09 15:23:53,115437.000,5221.96850,N,00454.77689,E,397.00,18.95,56.35
2026-05-09 15:23:58,115442.000,5221.97013,N,00454.77140,E,399.00,18.97,56.44
2026-05-09 15:24:03,115447.000,5221.97150,N,00454.76586,E,402.00,18.97,56.61
2026-05-09 15:24:08,115452.000,5221.97387,N,00454.76185,E,406.00,18.98,56.76
2026-05-09 15:24:13,115457.000,5221.97586,N,00454.75702,E,412.00,18.99,56.92
2026-05-09 15:24:18,115502.000,5221.97699,N,00454.75185,E,420.00,19.01,56.93
2026-05-09 15:24:23,115507.000,5221.97977,N,00454.74761,E,433.00,18.99,56.84
2026-05-09 15:24:28,115512.000,5221.98150,N,00454.74290,E,482.00,19.05,56.83
2026-05-09 15:24:33,115517.000,5221.98294,N,00454.73705,E,570.00,19.08,56.99
2026-05-09 15:24:38,115522.000,5221.98499,N,00454.73131,E,681.00,19.11,57.24
2026-05-09 15:24:43,115527.000,5221.98780,N,00454.72709,E,730.00,19.09,57.42
2026-05-09 15:24:48,115532.000,5221.99017,N,00454.72337,E,757.00,19.08,57.61
2026-05-09 15:24:53,115537.000,5221.99075,N,00454.71928,E,745.00,19.14,57.54
2026-05-09 15:24:58,115542.000,5221.99224,N,00454.71483,E,734.00,19.14,57.51
2026-05-09 15:25:03,115547.000,5221.99358,N,00454.70851,E,704.00,19.15,57.39
2026-05-09 15:25:08,115552.000,5221.99591,N,00454.70303,E,687.00,19.16,57.33
2026-05-09 15:25:13,115557.000,5221.99814,N,00454.69678,E,672.00,19.18,57.14
2026-05-09 15:25:18,115602.000,5222.00014,N,00454.69068,E,644.00,19.21,55.96
2026-05-09 15:25:23,115607.000,5222.00158,N,00454.68711,E,625.00,19.25,55.62
2026-05-09 15:25:28,115612.000,5222.00211,N,00454.68212,E,608.00,19.24,55.49
2026-05-09 15:25:33,115617.000,5222.00176,N,00454.67811,E,599.00,19.25,55.44
2026-05-09 15:25:38,115622.000,5222.00212,N,00454.67291,E,588.00,19.28,55.28
2026-05-09 15:25:43,115627.000,5222.00395,N,00454.66526,E,575.00,19.29,55.03
2026-05-09 15:25:48,115632.000,5222.00570,N,00454.65953,E,567.00,19.28,54.90
2026-05-09 15:25:53,115637.000,5222.00743,N,00454.65284,E,554.00,19.29,54.72
2026-05-09 15:25:58,115642.000,5222.00842,N,00454.64587,E,543.00,19.31,54.66
2026-05-09 15:26:03,115647.000,5222.01024,N,00454.63927,E,533.00,19.34,54.63
2026-05-09 15:26:08,115652.000,5222.01169,N,00454.63253,E,527.00,19.34,54.55
2026-05-09 15:26:13,115657.000,5222.01277,N,00454.62464,E,525.00,19.32,54.50
2026-05-09 15:26:18,115702.000,5222.01419,N,00454.61885,E,521.00,19.35,54.44
2026-05-09 15:26:23,115707.000,5222.01532,N,00454.61422,E,516.00,19.38,54.39
2026-05-09 15:26:28,115712.000,5222.01633,N,00454.60872,E,512.00,19.35,54.39
2026-05-09 15:26:33,115717.000,5222.01718,N,00454.60390,E,504.00,19.36,54.34
2026-05-09 15:26:38,115722.000,5222.01888,N,00454.59994,E,499.00,19.38,54.33
2026-05-09 15:26:43,115727.000,5222.02049,N,00454.59603,E,483.00,19.36,54.17
2026-05-09 15:26:48,115732.000,5222.02260,N,00454.59140,E,454.00,19.39,54.10
2026-05-09 15:26:53,115737.000,5222.02504,N,00454.58627,E,446.00,19.36,54.03
2026-05-09 15:26:58,115742.000,5222.02719,N,00454.58163,E,448.00,19.38,54.01
2026-05-09 15:27:03,115747.000,5222.02977,N,00454.57706,E,442.00,19.38,53.95
2026-05-09 15:27:08,115752.000,5222.03207,N,00454.57154,E,436.00,19.39,53.92
2026-05-09 15:27:13,115757.000,5222.03532,N,00454.56883,E,431.00,19.38,53.91
2026-05-09 15:27:18,115802.000,5222.03856,N,00454.56682,E,428.00,19.36,53.99
2026-05-09 15:27:23,115807.000,5222.04208,N,00454.56110,E,421.00,19.39,54.12
2026-05-09 15:27:28,115812.000,5222.04595,N,00454.55560,E,419.00,19.39,54.12
2026-05-09 15:27:34,115817.000,5222.04781,N,00454.55011,E,414.00,19.36,54.33
2026-05-09 15:27:39,115822.000,5222.04821,N,00454.54524,E,410.00,19.36,54.32
2026-05-09 15:27:44,115827.000,5222.04797,N,00454.54003,E,409.00,19.36,54.31
2026-05-09 15:27:49,115832.000,5222.04863,N,00454.53570,E,406.00,19.36,54.20
2026-05-09 15:27:54,115837.000,5222.04808,N,00454.53107,E,403.00,19.36,54.02
2026-05-09 15:27:59,115842.000,5222.04778,N,00454.52585,E,399.00,19.35,53.80
2026-05-09 15:28:04,115847.000,5222.04765,N,00454.52028,E,398.00,19.35,53.70
2026-05-09 15:28:09,115852.000,5222.04732,N,00454.51470,E,396.00,19.35,53.60
2026-05-09 15:28:14,115857.000,5222.04725,N,00454.50896,E,393.00,19.35,53.50
2026-05-09 15:28:19,115902.000,5222.04639,N,00454.50281,E,392.00,19.34,53.39
2026-05-09 15:28:24,115907.000,5222.04581,N,00454.49649,E,389.00,19.29,53.25
2026-05-09 15:28:29,115912.000,5222.04526,N,00454.49167,E,389.00,19.29,53.18
2026-05-09 15:28:34,115917.000,5222.04485,N,00454.48690,E,387.00,19.31,53.14
2026-05-09 15:28:39,115922.000,5222.04417,N,00454.48049,E,383.00,19.29,53.11
2026-05-09 15:28:44,115927.000,5222.04300,N,00454.47386,E,383.00,19.28,53.17
2026-05-09 15:28:49,115932.000,5222.04167,N,00454.46778,E,383.00,19.25,53.34
2026-05-09 15:28:54,115937.000,5222.04181,N,00454.46078,E,383.00,19.25,53.41
2026-05-09 15:28:59,115942.000,5222.04172,N,00454.45434,E,384.00,19.26,53.50
2026-05-09 15:29:04,115947.000,5222.04222,N,00454.44771,E,385.00,19.24,53.64
2026-05-09 15:29:09,115952.000,5222.04339,N,00454.44179,E,385.00,19.25,53.74
2026-05-09 15:29:14,115957.000,5222.04532,N,00454.43594,E,384.00,19.25,53.94
2026-05-09 15:29:19,120002.000,5222.04733,N,00454.43056,E,384.00,19.24,53.99
2026-05-09 15:29:24,120007.000,5222.04924,N,00454.42516,E,384.00,19.21,53.98
2026-05-09 15:29:29,120012.000,5222.05162,N,00454.41972,E,382.00,19.18,53.86
2026-05-09 15:29:34,120017.000,5222.05381,N,00454.41488,E,382.00,19.18,53.64
2026-05-09 15:29:39,120022.000,5222.05569,N,00454.41259,E,382.00,19.18,53.63
2026-05-09 15:29:44,120027.000,5222.05793,N,00454.40801,E,381.00,19.18,53.64
2026-05-09 15:29:49,120032.000,5222.05851,N,00454.40661,E,381.00,19.15,53.67
2026-05-09 15:29:54,120037.000,5222.06036,N,00454.40342,E,379.00,19.14,53.79
2026-05-09 15:29:59,120042.000,5222.06158,N,00454.39988,E,378.00,19.14,53.84
2026-05-09 15:30:04,120047.000,5222.06388,N,00454.39552,E,378.00,19.12,53.90
2026-05-09 15:30:09,120052.000,5222.06655,N,00454.39091,E,378.00,19.09,53.99
2026-05-09 15:30:14,120057.000,5222.06885,N,00454.38618,E,380.00,19.11,54.06
2026-05-09 15:30:19,120102.000,5222.07072,N,00454.38085,E,381.00,19.09,54.18
2026-05-09 15:30:24,120107.000,5222.07223,N,00454.37450,E,383.00,19.09,54.26
2026-05-09 15:30:29,120112.000,5222.07372,N,00454.36826,E,386.00,19.06,54.37
2026-05-09 15:30:34,120117.000,5222.07545,N,00454.36247,E,389.00,19.06,54.45
2026-05-09 15:30:39,120122.000,5222.07767,N,00454.35713,E,392.00,19.06,54.45
2026-05-09 15:30:44,120127.000,5222.07971,N,00454.35141,E,396.00,19.06,54.41
2026-05-09 15:30:49,120133.000,5222.08166,N,00454.34408,E,397.00,19.06,54.30
2026-05-09 15:30:54,120138.000,5222.08317,N,00454.33840,E,398.00,19.05,54.20
2026-05-09 15:30:59,120143.000,5222.08499,N,00454.33347,E,396.00,19.04,54.16
2026-05-09 15:31:04,120148.000,5222.08666,N,00454.32751,E,396.00,19.05,54.12
2026-05-09 15:31:09,120153.000,5222.08773,N,00454.32093,E,393.00,19.06,53.53
2026-05-09 15:31:14,120158.000,5222.08905,N,00454.31498,E,391.00,19.04,53.33
2026-05-09 15:31:19,120203.000,5222.09111,N,00454.30968,E,388.00,19.01,53.19
2026-05-09 15:31:24,120208.000,5222.09275,N,00454.30432,E,386.00,19.01,53.21
2026-05-09 15:31:29,120213.000,5222.09429,N,00454.29895,E,384.00,19.01,53.16
2026-05-09 15:31:34,120218.000,5222.09564,N,00454.29370,E,383.00,18.99,53.19
2026-05-09 15:31:39,120223.000,5222.09707,N,00454.28777,E,382.00,18.99,53.09
2026-05-09 15:31:44,120228.000,5222.09878,N,00454.28245,E,380.00,18.98,52.99
2026-05-09 15:31:49,120233.000,5222.10083,N,00454.27796,E,379.00,18.98,52.93
2026-05-09 15:31:54,120238.000,5222.10277,N,00454.27286,E,378.00,18.95,52.92
2026-05-09 15:31:59,120243.000,5222.10501,N,00454.26810,E,376.00,18.95,52.88
2026-05-09 15:32:04,120248.000,5222.10755,N,00454.26424,E,375.00,18.94,52.87
2026-05-09 15:32:09,120253.000,5222.10757,N,00454.26364,E,374.00,18.95,52.90
2026-05-09 15:32:14,120258.000,5222.10758,N,00454.26321,E,372.00,18.94,52.89
2026-05-09 15:32:19,120303.000,5222.10747,N,00454.26263,E,370.00,18.92,52.89
2026-05-09 15:32:24,120308.000,5222.10730,N,00454.26203,E,368.00,18.92,53.03
2026-05-09 15:32:29,120313.000,5222.10723,N,00454.26163,E,367.00,18.91,53.04
2026-05-09 15:32:34,120318.000,5222.10726,N,00454.26135,E,368.00,18.92,53.14
2026-05-09 15:32:39,120323.000,5222.10793,N,00454.26045,E,368.00,18.90,53.18
2026-05-09 15:32:44,120328.000,5222.11086,N,00454.25536,E,368.00,18.88,53.20
2026-05-09 15:32:49,120333.000,5222.11386,N,00454.24990,E,365.00,18.91,53.32
2026-05-09 15:32:54,120338.000,5222.11578,N,00454.24535,E,365.00,18.88,52.98
2026-05-09 15:32:59,120343.000,5222.11669,N,00454.23927,E,365.00,18.88,52.80
2026-05-09 15:33:04,120348.000,5222.11771,N,00454.23353,E,365.00,18.88,52.72
2026-05-09 15:33:09,120353.000,5222.11985,N,00454.22897,E,365.00,18.87,52.73
2026-05-09 15:33:14,120358.000,5222.12196,N,00454.22488,E,365.00,18.87,52.73
2026-05-09 15:33:19,120403.000,5222.12434,N,00454.22050,E,365.00,18.85,52.75
2026-05-09 15:33:24,120408.000,5222.12637,N,00454.21599,E,364.00,18.87,52.73
2026-05-09 15:33:29,120413.000,5222.12845,N,00454.21097,E,364.00,18.84,52.73
2026-05-09 15:33:34,120418.000,5222.13011,N,00454.20693,E,363.00,18.82,52.76
2026-05-09 15:33:39,120423.000,5222.13225,N,00454.20267,E,363.00,18.84,52.77
2026-05-09 15:33:44,120428.000,5222.13383,N,00454.19664,E,363.00,18.85,52.75
2026-05-09 15:33:49,120433.000,5222.13563,N,00454.19150,E,363.00,18.84,52.82
2026-05-09 15:33:54,120438.000,5222.13758,N,00454.18569,E,363.00,18.81,52.84
2026-05-09 15:33:59,120443.000,5222.13948,N,00454.17978,E,363.00,18.82,52.89
2026-05-09 15:34:04,120448.000,5222.14082,N,00454.17463,E,363.00,18.81,52.92
2026-05-09 15:34:09,120453.000,5222.14363,N,00454.17083,E,364.00,18.81,52.94
2026-05-09 15:34:14,120458.000,5222.14573,N,00454.16536,E,364.00,18.82,52.93
2026-05-09 15:34:19,120503.000,5222.14755,N,00454.16013,E,363.00,18.81,52.94
2026-05-09 15:34:24,120508.000,5222.14934,N,00454.15460,E,363.00,18.78,52.95
2026-05-09 15:34:29,120513.000,5222.15135,N,00454.14908,E,363.00,18.81,52.98
2026-05-09 15:34:34,120518.000,5222.15248,N,00454.14285,E,363.00,18.81,52.88
2026-05-09 15:34:39,120523.000,5222.15435,N,00454.13773,E,363.00,18.81,52.85
2026-05-09 15:34:44,120528.000,5222.15632,N,00454.13303,E,363.00,18.81,52.72
2026-05-09 15:34:49,120533.000,5222.15863,N,00454.12928,E,364.00,18.78,52.74
2026-05-09 15:34:54,120538.000,5222.16033,N,00454.12535,E,364.00,18.78,52.67
2026-05-09 15:34:59,120543.000,5222.16249,N,00454.12109,E,363.00,18.81,52.64
2026-05-09 15:35:04,120548.000,5222.16405,N,00454.11628,E,363.00,18.80,52.57
2026-05-09 15:35:09,120553.000,5222.16586,N,00454.11243,E,364.00,18.80,52.52
2026-05-09 15:35:14,120558.000,5222.16748,N,00454.10873,E,364.00,18.81,52.52
2026-05-09 15:35:19,120603.000,5222.16905,N,00454.10477,E,364.00,18.80,52.59
2026-05-09 15:35:24,120608.000,5222.17107,N,00454.10004,E,364.00,18.78,52.61
2026-05-09 15:35:29,120613.000,5222.17333,N,00454.09499,E,364.00,18.75,52.64
2026-05-09 15:35:34,120618.000,5222.17499,N,00454.08790,E,365.00,18.78,52.66
2026-05-09 15:35:40,120623.000,5222.17681,N,00454.08107,E,364.00,18.78,52.57
2026-05-09 15:35:45,120628.000,5222.17822,N,00454.07447,E,364.00,18.78,52.50
2026-05-09 15:35:50,120633.000,5222.17980,N,00454.06820,E,364.00,18.75,52.50
2026-05-09 15:35:55,120638.000,5222.18180,N,00454.06347,E,364.00,18.78,52.53
2026-05-09 15:36:00,120643.000,5222.18396,N,00454.05988,E,364.00,18.78,52.53
2026-05-09 15:36:05,120648.000,5222.18599,N,00454.05723,E,364.00,18.80,52.56
2026-05-09 15:36:10,120653.000,5222.18719,N,00454.05623,E,364.00,18.80,52.42
2026-05-09 15:36:15,120658.000,5222.18957,N,00454.05432,E,363.00,18.81,52.42
2026-05-09 15:36:20,120703.000,5222.19177,N,00454.05190,E,363.00,18.80,52.50
2026-05-09 15:36:25,120708.000,5222.19418,N,00454.04975,E,363.00,18.80,52.57
2026-05-09 15:36:30,120713.000,5222.19658,N,00454.04798,E,363.00,18.80,52.58
2026-05-09 15:36:35,120718.000,5222.19910,N,00454.04492,E,363.00,18.80,52.63
2026-05-09 15:36:40,120723.000,5222.20080,N,00454.04296,E,363.00,18.81,52.64
2026-05-09 15:36:45,120728.000,5222.19985,N,00454.04116,E,364.00,18.81,52.69
2026-05-09 15:36:50,120733.000,5222.20031,N,00454.03884,E,366.00,18.81,52.86
2026-05-09 15:36:55,120738.000,5222.20333,N,00454.03768,E,369.00,18.81,52.86
2026-05-09 15:37:00,120743.000,5222.20767,N,00454.03741,E,373.00,18.81,52.80
2026-05-09 15:37:05,120748.000,5222.21188,N,00454.03847,E,376.00,18.82,52.76
2026-05-09 15:37:10,120753.000,5222.21668,N,00454.03894,E,379.00,18.82,52.67
2026-05-09 15:37:15,120758.000,5222.22166,N,00454.03910,E,383.00,18.82,52.59
2026-05-09 15:37:20,120803.000,5222.22462,N,00454.03785,E,384.00,18.85,52.63
2026-05-09 15:37:25,120808.000,5222.22756,N,00454.03542,E,385.00,18.82,52.44
2026-05-09 15:37:30,120813.000,5222.23132,N,00454.03426,E,384.00,18.81,52.35
2026-05-09 15:37:35,120818.000,5222.23349,N,00454.03322,E,383.00,18.84,52.31
2026-05-09 15:37:40,120823.000,5222.23593,N,00454.03230,E,382.00,18.85,52.44
2026-05-09 15:37:45,120828.000,5222.23940,N,00454.03187,E,381.00,18.84,52.41
2026-05-09 15:37:50,120833.000,5222.24295,N,00454.03159,E,380.00,18.84,52.39
2026-05-09 15:37:55,120838.000,5222.24429,N,00454.03144,E,380.00,18.87,52.46
2026-05-09 15:38:00,120843.000,5222.24770,N,00454.03138,E,380.00,18.87,52.50
2026-05-09 15:38:05,120848.000,5222.25182,N,00454.03143,E,379.00,18.88,52.46
2026-05-09 15:38:10,120853.000,5222.25704,N,00454.03274,E,379.00,18.87,52.50
2026-05-09 15:38:15,120858.000,5222.26263,N,00454.03416,E,379.00,18.88,52.47
2026-05-09 15:38:20,120903.000,5222.26459,N,00454.03439,E,378.00,18.87,52.40
2026-05-09 15:38:25,120908.000,5222.26951,N,00454.03355,E,378.00,18.85,52.42
2026-05-09 15:38:30,120913.000,5222.27251,N,00454.03181,E,377.00,18.87,52.46
2026-05-09 15:38:35,120918.000,5222.27628,N,00454.03297,E,376.00,18.85,52.44
2026-05-09 15:38:40,120924.000,5222.27917,N,00454.03214,E,376.00,18.88,52.44
2026-05-09 15:38:45,120929.000,5222.28089,N,00454.03169,E,376.00,18.85,52.48
2026-05-09 15:38:50,120934.000,5222.28296,N,00454.03099,E,376.00,18.85,52.53
2026-05-09 15:38:55,120939.000,5222.28568,N,00454.03068,E,374.00,18.87,52.59
2026-05-09 15:39:00,120944.000,5222.28744,N,00454.02993,E,374.00,18.85,52.64
2026-05-09 15:39:05,120949.000,5222.29056,N,00454.03033,E,372.00,18.88,52.67
2026-05-09 15:39:10,120954.000,5222.29593,N,00454.03033,E,372.00,18.88,52.65
2026-05-09 15:39:15,120959.000,5222.29936,N,00454.03021,E,371.00,18.87,52.62
2026-05-09 15:39:20,121004.000,5222.30252,N,00454.03097,E,370.00,18.91,52.59
2026-05-09 15:39:25,121009.000,5222.30707,N,00454.02976,E,369.00,18.88,52.60
2026-05-09 15:39:30,121014.000,5222.31215,N,00454.02927,E,368.00,18.90,52.64
2026-05-09 15:39:35,121019.000,5222.31778,N,00454.02895,E,367.00,18.90,52.69
2026-05-09 15:39:40,121024.000,5222.32238,N,00454.02690,E,367.00,18.91,52.67
2026-05-09 15:39:45,121029.000,5222.32619,N,00454.02522,E,366.00,18.95,52.70
2026-05-09 15:39:50,121034.000,5222.33139,N,00454.02293,E,367.00,18.92,52.71
2026-05-09 15:39:55,121039.000,5222.33699,N,00454.01961,E,364.00,18.94,52.63
2026-05-09 15:40:00,121044.000,5222.34354,N,00454.01668,E,364.00,18.92,52.57
2026-05-09 15:40:05,121049.000,5222.34852,N,00454.01544,E,363.00,18.92,52.50
2026-05-09 15:40:10,121054.000,5222.34955,N,00454.01534,E,363.00,18.95,52.53
2026-05-09 15:40:15,121059.000,5222.35012,N,00454.01527,E,363.00,18.97,52.80
